GuestName,GenderType,Age,Phone,Address,GuestID,GuestType
Ezal,1,37,8765432,GT Road Gujrat PK,41

1
Name,Gender,Age,Contact Number,Address,Guest ID,Type
wera,1,34,+929876543567,mhr,12,1

1
Name,Gender,Age,Contact Number,Address,Guest ID,Type
Warda,1,37,+923256789061,Mohalah Haldabad Gujrat, PK,1,1

1
Name,Gender,Age,Contact Number,Address,Guest ID,Type
uytre,1,34,"+922345678934",jhgf,2,1
1
Name,Gender,Age,Contact Number,Address,Guest ID,Type
mala,1,32,"=""+923326789456""mjdnd,3,1
1
Name,Gender,Age,Contact Number,Address,Guest ID,Type
Qailae,1,23,="+923321546782",Lahore,101,1
1
Name,Gender,Age,Contact Number,Address,Guest ID,Type
Mezaan,2,27,="+923345674732",Karachi PK,1001,2
